beef,181
and,32
with,19
stew,17
stroganoff,13
tenderloin,12
roast,11
of,11
corned,10
bourguignon,9
chili,7
cheese,6
fillet,6
the,5
wellington,5
brisket,5
cabbage,5
noodles,5
italian,5
broccoli,5
ultimate,4
chicago,4
filet,4
bean,4
soup,4
hash,4
manicotti,3
taco,3
lasagna,3
horseradish,3
sandwich,3
crust,3
good,3
eats,3
ribs,3
bourguignonne,3
korean,3
short,3
sandwiches,3
for,3
thai,3
mushroom,3
peas,3
on,3
wellingtons,2
pot,2
moussaka,2
all,2
american,2
potato,2
emeril's,2
in,2
salt,2
(pot,2
style),2
chianti,2
spinach,2
goulash,2
jerky,2
tamed,2
rib,2
barley,2
burritos,2
creamed,2
peppers,2
bourbon,2
cooker,2
pat's,2
wayne's,2
macaroni,2
easy,2
butternut,2
squash,2
kheema:,2
indian,2
ground,2
au,2
poivre,2
grilled,2
ragout,2
stir-fry,2
roasted,2
casserole,2
chinese,2
weck,2
red,1
individual,1
pies,1
better,1
braciola,1
bacon,1
wrapped,1
herb,1
crusted,1
sunday,1
gravy,1
over,1
buttered,1
gratin,1
sauce,1
bechamel,1
mongolian,1
mike,1
mills',1
ravioli,1
marinated,1
artichoke,1
wolfgang's,1
guinness,1
holla,1
enchiladas,1
texas,1
oven-roasted,1
three,1
rich,1
mini,1
parker's,1
old-time,1
braised,1
root,1
vegetables,1
shepherd's,1
pie,1
drip,1
lady,1
sons,1
vegetable,1
slow,1
lentil,1
goan,1
curry,1
vinegar:,1
vindaloo,1
famous,1
pork,1
kalbi,1
(korean,1
barbequed,1
ribs),1
prime,1
salad,1
tacos,1
peppercorn,1
cheddar,1
cheesy,1
balsamic,1
sliders,1
a,1
crowd,1
perfect,1
burgers,1
empanadas,1
teriyaki,1
snow,1
asian,1
skewers,1
rub,1
#1,1
hot,1
hawaiian,1
chipped,1
pasties,1
healthy,1
pressure,1
poached,1
eggs,1
pitas,1
skillet,1
pasta,1
dinner,1
