//www.foodnetwork.com/recipes/ina-garten/beef-bourguignon-recipe-1942045,Beef Bourguignon
//www.foodnetwork.com/recipes/paula-deen/beef-stroganoff-recipe-1940482,Beef Stroganoff
//www.foodnetwork.com/recipes/tyler-florence/the-ultimate-beef-wellington-recipe2-1952280,The Ultimate Beef Wellington
//www.foodnetwork.com/recipes/alton-brown/corned-beef-recipe-1947363,Corned Beef
//www.foodnetwork.com/recipes/ree-drummond/beef-with-broccoli-2495686,Beef With Broccoli
//www.foodnetwork.com/recipes/food-network-kitchen/beef-stew-recipe3-1913528,Beef Stew
//www.foodnetwork.com/recipes/tyler-florence/beef-brisket-recipe-1953114,Beef Brisket
//www.foodnetwork.com/recipes/alton-brown/beef-jerky-recipe-2103581,Beef Jerky
//www.foodnetwork.com/recipes/food-network-kitchen/beef-stew-recipe-2117711,Beef Stew
//www.foodnetwork.com/recipes/alton-brown/corned-beef-and-cabbage-recipe-1952160,Corned Beef and Cabbage
//www.foodnetwork.com/recipes/ina-garten/beef-short-ribs-recipe-1921089,Beef Short Ribs
//www.foodnetwork.com/recipes/tyler-florence/beef-chili-recipe-1937323,Beef Chili
//www.foodnetwork.com/recipes/giada-de-laurentiis/beef-and-cheese-manicotti-recipe-1914958,Beef and Cheese Manicotti
//www.foodnetwork.com/recipes/ina-garten/fillet-of-beef-recipe-1940215,Fillet of Beef
//www.foodnetwork.com/recipes/anne-burrell/beef-bourguignon-recipe-1924326,Beef Bourguignon
//www.foodnetwork.com/recipes/tyler-florence/the-ultimate-beef-stew-recipe2-1946026,The Ultimate Beef Stew
//www.foodnetwork.com/recipes/texas-oven-roasted-beef-brisket-recipe-1915431,Texas Oven-Roasted Beef Brisket
//www.foodnetwork.com/recipes/ina-garten/filet-of-beef-bourguignon-recipe-1957232,Filet of Beef Bourguignon
//www.foodnetwork.com/recipes/food-network-kitchen/beef-and-cheddar-casserole-recipe-2042594,Beef and Cheddar Casserole
//www.foodnetwork.com/recipes/trisha-yearwood/roast-beef-with-gravy-recipe-2109869,Roast Beef with Gravy
//www.foodnetwork.com/recipes/ellie-krieger/three-bean-and-beef-chili-recipe-1917076,Three Bean and Beef Chili
//www.foodnetwork.com/recipes/ina-garten/rich-beef-barley-soup-recipe-2041687,Rich Beef Barley Soup
//www.foodnetwork.com/recipes/claire-robinson/mini-beef-wellingtons-recipe-1948888,Mini Beef Wellingtons
//www.foodnetwork.com/recipes/ina-garten/parkers-beef-stew-recipe-1945843,Parker's Beef Stew
//www.foodnetwork.com/recipes/food-network-kitchen/beef-stroganoff-recipe-2124411,Beef Stroganoff
//www.foodnetwork.com/recipes/bobby-flay/red-beef-chili-recipe-1953661,Red Beef Chili
//www.foodnetwork.com/recipes/sandra-lee/beef-pot-roast-recipe-2103591,Beef Pot Roast
//www.foodnetwork.com/recipes/ree-drummond/beef-and-bean-burritos-recipe-1981061,Beef and Bean Burritos
//www.foodnetwork.com/recipes/rachael-ray/beef-stroganoff-recipe-1915292,Beef Stroganoff
//www.foodnetwork.com/recipes/paula-deen/old-time-beef-stew-recipe-1945286,Old-Time Beef Stew
//www.foodnetwork.com/recipes/ree-drummond/braised-beef-brisket-2300955,Braised Beef Brisket
//www.foodnetwork.com/recipes/ree-drummond/beef-stew-with-root-vegetables-recipe-1983394,Beef Stew with Root Vegetables
//www.foodnetwork.com/recipes/robin-miller/beef-and-cheese-lasagna-recipe-2131352,Beef and Cheese Lasagna
//www.foodnetwork.com/recipes/beef-shepherds-pie-recipe-1953794,Beef Shepherd's Pie
//www.foodnetwork.com/recipes/robin-miller/beef-and-cheese-lasagna-recipe-2131352,Beef and Cheese Lasagna
//www.foodnetwork.com/recipes/tyler-florence/beef-bourguignon-recipe-1949404,Beef Bourguignon
//www.foodnetwork.com/recipes/trisha-yearwood/creamed-beef-recipe-2133405,Creamed Beef
//www.foodnetwork.com/recipes/ree-drummond/drip-beef-sandwiches-2219888,Drip Beef Sandwiches
//www.foodnetwork.com/recipes/beef-stroganoff-recipe0-1939015,Beef Stroganoff
//www.foodnetwork.com/recipes/beef-stroganoff-for-noodles-recipe-2121131,Beef Stroganoff for Noodles
//www.foodnetwork.com/recipes/tyler-florence/beef-goulash-recipe-1940742,Beef Goulash
//www.foodnetwork.com/recipes/paula-deen/the-lady-and-sons-beef-vegetable-soup-recipe-1952026,The Lady and Sons Beef Vegetable Soup
//www.foodnetwork.com/recipes/ree-drummond/beef-with-snow-peas-recipe-3381538,Beef with Snow Peas
//www.foodnetwork.com/recipes/alton-brown/all-american-beef-taco-recipe-2014469,All American Beef Taco
//www.foodnetwork.com/recipes/ree-drummond/thai-beef-with-peppers-2341713,Thai Beef with Peppers
//www.foodnetwork.com/recipes/paula-deen/bourbon-beef-tenderloin-recipe-2013535,Bourbon Beef Tenderloin
//www.foodnetwork.com/recipes/food-network-kitchen/slow-cooker-beef-stew-3361678,Slow Cooker Beef Stew
//www.foodnetwork.com/recipes/patrick-and-gina-neely/pats-roast-beef-recipe-2014339,Pat's Roast Beef
//www.foodnetwork.com/recipes/giada-de-laurentiis/lentil-soup-with-beef-recipe-1916836,Lentil Soup with Beef
//www.foodnetwork.com/recipes/aarti-sequeira/goan-beef-curry-with-vinegar-beef-vindaloo-recipe2-1923114,Goan Beef Curry with Vinegar: Beef Vindaloo
//www.foodnetwork.com/recipes/patrick-and-gina-neely/pats-famous-beef-and-pork-chili-recipe-1949426,Pat's Famous Beef and Pork Chili
//www.foodnetwork.com/recipes/tyler-florence/beef-stroganoff-over-buttered-noodles-recipe-1943426,Beef Stroganoff over Buttered Noodles
//www.foodnetwork.com/recipes/kalbi-korean-barbequed-beef-short-ribs-recipe-1953236,Kalbi (Korean Barbequed Beef Short Ribs)
//www.foodnetwork.com/recipes/paula-deen/waynes-beef-macaroni-and-cheese-recipe-1916766,Wayne's Beef Macaroni and Cheese
//www.foodnetwork.com/recipes/ina-garten/beef-and-horseradish-sauce-sandwich-recipe-1945455,Beef and Horseradish Sauce Sandwich
//www.foodnetwork.com/recipes/melissa-darabian/beef-and-bechamel-lasagna-recipe-1923633,Beef and Bechamel Lasagna
//www.foodnetwork.com/recipes/giada-de-laurentiis/beef-and-cannellini-bean-minestrone-recipe-1920305,Beef and Cannellini Bean Minestrone
//www.foodnetwork.com/recipes/tyler-florence/roast-prime-rib-of-beef-with-horseradish-crust-recipe-1953494,Roast Prime Rib of Beef with Horseradish Crust
//www.foodnetwork.com/recipes/alton-brown/beef-tenderloin-in-salt-crust-recipe-1942597,Beef Tenderloin in Salt Crust
//www.foodnetwork.com/recipes/alton-brown/good-eats-beef-stew-recipe-1948778,Good Eats Beef Stew
//www.foodnetwork.com/recipes/tyler-florence/beef-stroganoff-with-buttered-noodles-recipe-1945604,Beef Stroganoff with Buttered Noodles
//www.foodnetwork.com/recipes/alton-brown/good-eats-beef-stew-recipe-1948778,Good Eats Beef Stew
//www.foodnetwork.com/recipes/paula-deen/easy-corned-beef-and-cabbage-recipe-1941235,Easy Corned Beef and Cabbage
//www.foodnetwork.com/recipes/giada-de-laurentiis/beef-and-butternut-squash-stew-recipe-1950764,Beef and Butternut Squash Stew
//www.foodnetwork.com/recipes/giada-de-laurentiis/beef-and-butternut-squash-stew-recipe-1950764,Beef and Butternut Squash Stew
//www.foodnetwork.com/recipes/food-network-kitchen/beef-mushroom-barley-soup-recipe-3361472,Beef Mushroom Barley Soup
//www.foodnetwork.com/recipes/chicago-italian-beef-sandwich-recipe-1910967,Chicago Italian Beef Sandwich
//www.foodnetwork.com/recipes/ina-garten/fillet-of-beef-bourguignonne-recipe-1945647,Fillet of Beef Bourguignonne
//www.foodnetwork.com/recipes/jeff-mauro/chicago-italian-beef-pot-roast-style-recipe-2125477,Chicago Italian Beef (Pot Roast Style)
//www.foodnetwork.com/recipes/ina-garten/fillet-of-beef-bourguignonne-recipe-1945647,Fillet of Beef Bourguignonne
//www.foodnetwork.com/recipes/aarti-sequeira/kheema-indian-ground-beef-with-peas-recipe-1925367,Kheema: Indian Ground Beef with Peas
//www.foodnetwork.com/recipes/ina-garten/filet-of-beef-au-poivre-recipe-1945945,Filet of Beef au Poivre
//www.foodnetwork.com/recipes/giada-de-laurentiis/chianti-marinated-beef-stew-recipe-1939391,Chianti Marinated Beef Stew
//www.foodnetwork.com/recipes/food-network-kitchen/corned-beef-and-cabbage-recipe-2009052,Corned Beef and Cabbage
//www.foodnetwork.com/recipes/ellie-krieger/grilled-thai-beef-salad-recipe-1947960,Grilled Thai Beef Salad
//www.foodnetwork.com/recipes/food-network-kitchen/roast-beef-tenderloin-with-mushroom-ragout-recipe-2041928,Roast Beef Tenderloin with Mushroom Ragout
//www.foodnetwork.com/recipes/food-network-kitchen/roast-beef-tenderloin-with-mushroom-ragout-recipe-2041928,Roast Beef Tenderloin with Mushroom Ragout
//www.foodnetwork.com/recipes/alton-brown/spicy-beef-kebabs-recipe-2013948,Spicy Beef Kebabs
//www.foodnetwork.com/recipes/tyler-florence/roast-prime-rib-of-beef-with-horseradish-crust-recipe2-1957439,Roast Prime Rib of Beef with Horseradish Crust
//www.foodnetwork.com/recipes/guy-fieri/spicy-tangerine-beef-recipe-1952090,Spicy Tangerine Beef
//www.foodnetwork.com/recipes/giada-de-laurentiis/penne-with-beef-and-arugula-recipe-1917193,Penne with Beef and Arugula
//www.foodnetwork.com/recipes/gwens-old-fashioned-potato-beef-casserole-2138703,Gwen's Old-Fashioned Potato-Beef Casserole
//www.foodnetwork.com/recipes/tyler-florence/the-ultimate-beef-stew-recipe-1940729,The Ultimate Beef Stew
//www.foodnetwork.com/recipes/food-network-kitchen/slow-cooker-corned-beef-and-cabbage-recipe-1972706,Slow-Cooker Corned Beef and Cabbage
//www.foodnetwork.com/recipes/giada-de-laurentiis/involtini-of-beef-recipe-1943634,Involtini of Beef
//www.foodnetwork.com/recipes/rachael-ray/sirloin-beef-burgundy-boeuf-bourguignon-recipe2-1941635,Sirloin Beef Burgundy: Boeuf Bourguignon
//www.foodnetwork.com/recipes/paula-deen/shepherds-pie-from-leftover-beef-roast-and-mashed-potatoes-recipe-1946699,Shepherd's Pie from Leftover Beef Roast and Mashed Potatoes
//www.foodnetwork.com/recipes/low-carb-beefed-up-meat-loaf-recipe-1942218,Low Carb Beefed-Up Meatloaf
//www.foodnetwork.com/recipes/rachael-ray/roasted-beef-tenderloin-with-roasted-pepper-and-black-olive-sauce-recipe-1944978,Roasted Beef Tenderloin with Roasted Pepper and Black Olive Sauce
//www.foodnetwork.com/recipes/aaron-mccargo-jr/big-daddys-spicy-beef-patty-recipe-2014350,Big Daddy's Spicy Beef Patty
//www.foodnetwork.com/recipes/ellie-krieger/beef-taco-salad-with-chunky-tomato-dressing-recipe-1957255,Beef Taco Salad with Chunky Tomato Dressing
//www.foodnetwork.com/recipes/kathy-bakers-beef-tender-recipe-2014268,Kathy Baker's Beef Tender
//www.foodnetwork.com/recipes/anne-burrell/braised-beef-brisket-with-onions-mushrooms-and-balsamic-recipe-1923536,\Braised Beef Brisket with Onions, Mushrooms, and Balsamic\
//www.foodnetwork.com/recipes/robin-miller/beef-roast-with-root-vegetables-recipe-1917062,Beef Roast with Root Vegetables
//www.foodnetwork.com/recipes/sandra-lee/corned-beef-and-cabbage-with-herb-buttered-potatoes-recipe-1949405,Corned Beef and Cabbage with Herb Buttered Potatoes
//www.foodnetwork.com/recipes/dave-lieberman/red-wine-beef-stew-with-potatoes-and-green-beans-recipe-1916454,Red Wine Beef Stew with Potatoes and Green Beans
//www.foodnetwork.com/recipes/patrick-and-gina-neely/memphis-style-hickory-smoked-beef-and-pork-ribs-recipe-1937248,Memphis-Style Hickory-Smoked Beef and Pork Ribs
//www.foodnetwork.com/recipes/giada-de-laurentiis/roast-beef-with-spicy-parsley-tomato-sauce-recipe-1917456,Roast Beef with Spicy Parsley Tomato Sauce
//www.foodnetwork.com/recipes/sandra-lee/coffee-crusted-beef-tenderloin-recipe-1944591,Coffee Crusted Beef Tenderloin
//www.foodnetwork.com/recipes/bobby-flay/beef-and-black-bean-chili-with-toasted-cumin-crema-and-avocado-relish-recipe-1917115,Beef and Black Bean Chili with Toasted Cumin Crema and Avocado Relish
//www.foodnetwork.com/recipes/giada-de-laurentiis/beef-pops-with-pineapple-and-parsley-sauce-recipe-2014092,Beef Pops with Pineapple and Parsley Sauce
//www.foodnetwork.com/recipes/rachael-ray/five-spice-beef-and-pepper-stir-fry-recipe-1941126,Five Spice Beef and Pepper Stir-Fry
//www.foodnetwork.com/recipes/rachael-ray/beef-and-black-bean-chili-with-green-onion-corn-cakes-recipe-1913027,Beef and Black Bean Chili with Green Onion Corn Cakes
//www.foodnetwork.com/recipes/robin-miller/slow-cooker-beef-with-root-vegetables-recipe-1945055,Slow Cooker Beef with Root Vegetables
//www.foodnetwork.com/recipes/rachael-ray/big-beef-meatballs-with-bucatini-recipe-1917212,Big Beef Meatballs with Bucatini
//www.foodnetwork.com/recipes/aaron-mccargo-jr/beef-pot-roast-with-olives-and-capers-recipe-1948982,Beef Pot Roast with Olives and Capers
//www.foodnetwork.com/recipes/beer-braised-corned-beef-with-red-potatoes-and-carrots-recipe-1917264,Beer Braised Corned Beef with Red Potatoes and Carrots
//www.foodnetwork.com/recipes/rachael-ray/bacon-wrapped-beef-tenderloin-steaks-with-spinach-and-cheese-cakes-recipe-1941258,Bacon Wrapped Beef Tenderloin Steaks with Spinach and Cheese Cakes
//www.foodnetwork.com/recipes/ree-drummond/salisbury-steak-recipe-2126533,Salisbury Steak
//www.foodnetwork.com/recipes/sunny-anderson/prosciutto-wrapped-beef-cubes-with-mustard-pan-sauce-recipe-1917033,Prosciutto-Wrapped Beef Cubes with Mustard Pan Sauce
//www.foodnetwork.com/recipes/sandra-lee/beef-roast-with-tomato-madeira-sauce-recipe-1944580,Beef Roast with Tomato Madeira Sauce
//www.foodnetwork.com/recipes/rachael-ray/texas-hold-ums-mini-chipotle-beef-burgers-with-warm-fire-roasted-garlic-ketchup-recipe-1945721,Texas Hold-Ums Mini Chipotle Beef Burgers with Warm Fire Roasted Garlic Ketchup
//www.foodnetwork.com/recipes/giada-de-laurentiis/italian-wedding-soup-recipe-1915916,Italian Wedding Soup
//www.foodnetwork.com/recipes/tyler-florence/mexican-pot-roast-tacos-recipe-1953561,Mexican Pot Roast Tacos
//www.foodnetwork.com/recipes/paula-deen/taco-soup-recipe-1943872,Taco Soup
//www.foodnetwork.com/recipes/bobby-flay/crunchy-avocado-salad-recipe-1940566,Crunchy Avocado Salad
//www.foodnetwork.com/recipes/rachael-ray/french-dip-sandwiches-recipe-1914184,French Dip Sandwiches
//www.foodnetwork.com/recipes/tyler-florence/stuffed-cabbage-rolls-galumpkis-recipe-1953238,Stuffed Cabbage Rolls (Galumpkis)
//www.foodnetwork.com/recipes/tyler-florence/yorkshire-pudding-recipe-1943597,Yorkshire Pudding
//www.foodnetwork.com/recipes/ree-drummond/perfect-pot-roast-recipe-2118771,Perfect Pot Roast
//www.foodnetwork.com/recipes/food-network-kitchen/slow-cooker-pot-roast-3361787,Slow Cooker Pot Roast
//www.foodnetwork.com/recipes/ina-garten/real-meatballs-and-spaghetti-recipe-1946027,Real Meatballs and Spaghetti
//www.foodnetwork.com/recipes/alton-brown/horseradish-cream-sauce-recipe-1942771,Horseradish Cream Sauce
//www.foodnetwork.com/recipes/alton-brown/swiss-steak-recipe-1917184,Swiss Steak
//www.foodnetwork.com/recipes/rachael-ray/30-minute-shepherds-pie-recipe-1913518,30 Minute Shepherd's Pie
//www.foodnetwork.com/recipes/guy-fieri/bbq-pork-fried-rice-recipe-1947031,BBQ Pork Fried Rice
//www.foodnetwork.com/recipes/bobby-flay/roast-prime-rib-with-thyme-au-jus-recipe-1944997,Roast Prime Rib with Thyme Au Jus
//www.foodnetwork.com/recipes/bobby-flay/perfect-burger-recipe-1957542,Perfect Burger
//www.foodnetwork.com/recipes/rachael-ray/super-nachos-recipe-1914057,Super Nachos
//www.foodnetwork.com/recipes/giada-de-laurentiis/simple-bolognese-recipe2-1956219,Simple Bolognese
//www.foodnetwork.com/recipes/tyler-florence/french-onion-soup-recipe2-1947434,French Onion Soup
//www.foodnetwork.com/recipes/ree-drummond/simple-perfect-chili-recipe-2107099,\Simple, Perfect Chili\
//www.foodnetwork.com/recipes/jeff-mauro/homemade-hot-giardiniera-recipe-1925279,Homemade Hot Giardiniera
//www.foodnetwork.com/recipes/guy-fieri/dry-aged-prime-rib-roast-recipe-2012137,Dry Aged Prime Rib Roast
//www.foodnetwork.com/recipes/food-network-kitchen/vietnamese-noodle-soup-recipe-1972821,Vietnamese Noodle Soup
//www.foodnetwork.com/recipes/ree-drummond/stuffed-bell-peppers-3325315,Stuffed Bell Peppers
//www.foodnetwork.com/recipes/ree-drummond/chicken-fried-steak-with-gravy-recipe-1925056,Chicken Fried Steak with Gravy
//www.foodnetwork.com/recipes/food-network-kitchen/almost-famous-swedish-meatballs-recipe-1973694,Almost-Famous Swedish Meatballs
//www.foodnetwork.com/recipes/ree-drummond/patty-melts-recipe-1976809,Patty Melts
//www.foodnetwork.com/recipes/paula-deen/foolproof-standing-rib-roast-recipe3-3416689,Foolproof Standing Rib Roast
//www.foodnetwork.com/recipes/tyler-florence/guacamole-recipe4-1947418,Guacamole
//www.foodnetwork.com/recipes/ina-garten/meat-loaf-recipe-1921718,Meat Loaf
//www.foodnetwork.com/recipes/alton-brown/sirloin-steak-recipe-1914768,Sirloin Steak
//www.foodnetwork.com/recipes/food-network-kitchen/chili-con-carne-recipe6-2042273,Chili Con Carne
//www.foodnetwork.com/recipes/ree-drummond/simple-perfect-enchiladas-recipe0-2043114,Simple Perfect Enchiladas
//www.foodnetwork.com/recipes/danny-boome/mummy-boomes-traditional-shepherds-pie-recipe-1910118,Mummy Boome's Traditional Shepherds Pie
//www.foodnetwork.com/recipes/claire-robinson/sunday-pot-roast-with-mushroom-gravy-recipe-1949046,Sunday Pot Roast with Mushroom Gravy
//www.foodnetwork.com/recipes/sandra-lee/salisbury-steak-with-brown-gravy-recipe-1952207,Salisbury Steak with Brown Gravy
//www.foodnetwork.com/recipes/paula-deen/bobbys-goulash-recipe2-1947989,Bobby's Goulash
//www.foodnetwork.com/recipes/alton-brown/swedish-meatballs-recipe-1916539,Swedish Meatballs
//www.foodnetwork.com/recipes/sandra-lee/salisbury-steak-with-mushroom-gravy-recipe-1937370,Salisbury Steak with Mushroom Gravy
//www.foodnetwork.com/recipes/moms-meatloaf-recipe0-1947968,Mom's Meatloaf
//www.foodnetwork.com/recipes/claire-robinson/red-wine-braised-short-ribs-recipe-1949770,Red Wine Braised Short Ribs
//www.foodnetwork.com/recipes/paula-deen/white-bean-chili-recipe-1952221,White Bean Chili
//www.foodnetwork.com/recipes/bobby-flay/perfectly-grilled-steak-recipe-1973350,Perfectly Grilled Steak
//www.foodnetwork.com/recipes/giada-de-laurentiis/stracotto-pot-roast-with-porcini-mushrooms-recipe-1922380,Stracotto (Pot Roast) with Porcini Mushrooms
//www.foodnetwork.com/recipes/ree-drummond/meatloaf-recipe-2042541,Meatloaf
//www.foodnetwork.com/recipes/ree-drummond/comfort-meatballs-recipe-2042533,Comfort Meatballs
//www.foodnetwork.com/recipes/paula-deen/old-fashioned-meat-loaf-aka-basic-meatloaf-recipe-1953100,Old-Fashioned Meat Loaf- A.K.A 'Basic' Meat Loaf
//www.foodnetwork.com/recipes/tyler-florence/chili-dogs-recipe-1946339,Chili Dogs
//www.foodnetwork.com/recipes/ree-drummond/simple-perfect-enchiladas-recipe-2125598,Simple Perfect Enchiladas
//www.foodnetwork.com/recipes/alton-brown/chicken-fried-steak-recipe-1917219,Chicken Fried Steak
//www.foodnetwork.com/recipes/ina-garten/stuffed-cabbage-recipe-1920701,Stuffed Cabbage
//www.foodnetwork.com/recipes/food-network-kitchen/pan-seared-t-bone-steak-recipe-2103356,Pan Seared T-Bone Steak
//www.foodnetwork.com/recipes/food-network-kitchen/slow-cooker-texas-chili-recipe-1973377,Slow-Cooker Texas Chili
//www.foodnetwork.com/recipes/tyler-florence/horseradish-and-garlic-prime-rib-recipe-1946543,Horseradish And Garlic Prime Rib
//www.foodnetwork.com/recipes/giada-de-laurentiis/penne-with-braised-short-ribs-recipe-1917752,Penne with Braised Short Ribs
//www.foodnetwork.com/recipes/sunny-anderson/easy-bbq-short-ribs-recipe-1949123,Easy BBQ Short Ribs
//www.foodnetwork.com/recipes/sunny-anderson/easy-beefy-cheesy-enchilada-casserole-recipe-1922580,Easy Beefy Cheesy Enchilada Casserole
//www.foodnetwork.com/recipes/dry-aged-italian-beef-sandwich-with-homemade-giardiniera-sweet-peppers-suet-fried-chips-and-broccoli-rabe-recipe-2106104,\Dry-aged Italian Beef Sandwich with Homemade Giardiniera, Sweet Peppers, Suet-Fried Chips and Broccoli Rabe\
//www.foodnetwork.com/recipes/rachael-ray/christmas-pasta-recipe-2013437,Christmas Pasta
//www.foodnetwork.com/recipes/food-network-kitchen/salisbury-steak-with-mushrooms-recipe-1973380,Salisbury Steak With Mushrooms
//www.foodnetwork.com/recipes/devons-award-winning-chili-recipe-1920583,Devon's Award-Winning Chili
//www.foodnetwork.com/recipes/ina-garten/french-onion-soup-recipe-1916591,French Onion Soup
//www.foodnetwork.com/recipes/tyler-florence/pot-roast-with-vegetables-recipe-1946452,Pot Roast with Vegetables
//www.foodnetwork.com/recipes/giada-de-laurentiis/simple-bolognese-recipe3-1913491,Simple Bolognese
//www.foodnetwork.com/recipes/ree-drummond/baked-ziti-2312399,Baked Ziti
//www.foodnetwork.com/recipes/trisha-yearwood/pork-chops-and-rice-recipe-2124315,Pork Chops and Rice
//www.foodnetwork.com/recipes/sandra-lee/herb-salt-crusted-prime-rib-recipe-1944266,Herb Salt Crusted Prime Rib
//www.foodnetwork.com/recipes/ellie-krieger/shepherds-pie-recipe-1940483,Shepherd's Pie
//www.foodnetwork.com/recipes/alton-brown/center-cut-tenderloin-roast-recipe-1916748,Center Cut Tenderloin Roast
//www.foodnetwork.com/recipes/ree-drummond/hamburger-soup-2684321,Hamburger Soup
//www.foodnetwork.com/recipes/patrick-and-gina-neely/momma-neelys-pot-roast-recipe-1917521,Momma Neely's Pot Roast
//www.foodnetwork.com/recipes/paula-deen/bobbys-goulash-recipe-1965512,Bobby's Goulash
//www.foodnetwork.com/recipes/tyler-florence/braised-pot-roast-with-vegetables-recipe-1914232,Braised Pot Roast with Vegetables
//www.foodnetwork.com/recipes/patrick-and-gina-neely/chopped-steak-and-mushroom-onion-gravy-recipe-1921839,Chopped Steak and Mushroom Onion Gravy
//www.foodnetwork.com/recipes/ina-garten/company-pot-roast-recipe-1946134,Company Pot Roast
//www.foodnetwork.com/recipes/jamies-chili-recipe-1916969,Jamie's Chili
//www.foodnetwork.com/recipes/melissa-darabian/shepherds-pie-recipe-1958464,Shepherd's Pie
//www.foodnetwork.com/recipes/ina-garten/scotts-short-ribs-recipe-1944792,Scott's Short Ribs
//www.foodnetwork.com/recipes/giada-de-laurentiis/baked-ziti-with-meatballs-recipe-1915905,Baked Ziti with Meatballs
//www.foodnetwork.com/recipes/alton-brown/strip-steak-with-pepper-cream-sauce-recipe-1951959,Strip Steak with Pepper Cream Sauce
//www.foodnetwork.com/recipes/sunny-anderson/asian-lettuce-wraps-recipe-1948673,Asian Lettuce Wraps
//www.foodnetwork.com/recipes/ellie-krieger/sloppy-joes-recipe-1946755,Sloppy Joes
//www.foodnetwork.com/recipes/paula-deen/pot-roast-recipe2-1943235,Pot Roast
//www.foodnetwork.com/recipes/alton-brown/steak-au-poivre-recipe-1916730,Steak au Poivre
//www.foodnetwork.com/recipes/alton-brown/baked-meatballs-recipe-1916542,Baked Meatballs
//www.foodnetwork.com/recipes/anne-burrell/homemade-mayonnaise-recipe-1947953,Homemade Mayonnaise
//www.foodnetwork.com/recipes/rachael-ray/salisbury-steaks-with-french-onion-gravy-recipe-1924455,Salisbury Steaks with French Onion Gravy
//www.foodnetwork.com/recipes/rachael-ray/spaghetti-and-meatballs-recipe-1942620,Spaghetti and Meatballs
//www.foodnetwork.com/recipes/alton-brown/french-onion-soup-recipe-1939059,French Onion Soup
//www.foodnetwork.com/recipes/paula-deen/lots-omeat-lasagna-recipe-1940492,Lots O'Meat Lasagna
//www.foodnetwork.com/recipes/paula-deen/barbeque-meat-loaf-recipe-1916811,Barbeque Meatloaf
//www.foodnetwork.com/recipes/ina-garten/brisket-with-carrots-and-onions-recipe-1944457,Brisket with Carrots and Onions
//www.foodnetwork.com/recipes/tyler-florence/lenas-swedish-meatballs-with-lingonberry-sauce-recipe-1949311,Lena's Swedish Meatballs with Lingonberry Sauce
//www.foodnetwork.com/recipes/paula-deen/foolproof-standing-rib-roast-recipe-1940448,Foolproof Standing Rib Roast
//www.foodnetwork.com/recipes/paula-deen/taco-salad-recipe-1916699,Taco Salad
//www.foodnetwork.com/recipes/food-network-kitchen/chili-con-carne-recipe2-1943955,Chili Con Carne
//www.foodnetwork.com/recipes/ree-drummond/burgundy-mushrooms-recipe-2106872,Burgundy Mushrooms
//www.foodnetwork.com/recipes/sandra-lee/baby-back-ribs-recipe-1951610,Baby Back Ribs
//www.foodnetwork.com/recipes/ina-garten/sunday-rib-roast-recipe-1941847,Sunday Rib Roast
//www.foodnetwork.com/recipes/alton-brown/shepherds-pie-recipe2-1942900,Shepherd's Pie
//www.foodnetwork.com/recipes/anne-burrell/excellent-meatballs-recipe-1943292,Excellent Meatballs
//www.foodnetwork.com/recipes/alton-brown/meat-sauce-and-spaghetti-recipe-1917618,Meat Sauce and Spaghetti
//www.foodnetwork.com/recipes/giada-de-laurentiis/filet-mignon-with-rosemary-and-mushroom-gravy-recipe-1921738,Filet Mignon with Rosemary and Mushroom Gravy
//www.foodnetwork.com/recipes/rachael-ray/oh-so-good-french-onion-soup-recipe-1940843,Oh So Good French Onion Soup
//www.foodnetwork.com/recipes/paula-deen/homemade-mini-corn-dogs-recipe-1923276,Homemade Mini Corn Dogs
//www.foodnetwork.com/recipes/alton-brown/pressure-cooker-chili-recipe-1942714,Pressure Cooker Chili
//www.foodnetwork.com/recipes/sandra-lee/french-onion-soup-recipe-1946511,French Onion Soup
//www.foodnetwork.com/recipes/food-network-kitchen/pot-roast-with-roasted-vegetables-recipe-1951937,Pot Roast with Roasted Vegetables
//www.foodnetwork.com/recipes/sunny-anderson/bacon-onion-and-cheese-stuffed-burger-recipe-1948668,\Bacon, Onion and Cheese Stuffed Burger\
//www.foodnetwork.com/recipes/rachael-ray/super-sloppy-joes-recipe4-1949927,Super Sloppy Joes
//www.foodnetwork.com/recipes/sunny-anderson/oxtail-stew-recipe-1940839,Oxtail Stew
//www.foodnetwork.com/recipes/rachael-ray/meatloaf-muffins-with-barbecue-sauce-recipe-2118102,Meatloaf Muffins with Barbecue Sauce
//www.foodnetwork.com/recipes/ina-garten/sliders-recipe-1948629,Sliders
//www.foodnetwork.com/recipes/michael-chiarello/italian-meatloaf-recipe-1917337,Italian Meatloaf
//www.foodnetwork.com/recipes/giada-de-laurentiis/braciole-recipe-1965471,Braciole
//www.foodnetwork.com/recipes/paula-deen/pot-roast-recipe-1913192,Pot Roast
//www.foodnetwork.com/recipes/paula-deen/gumbo-recipe-1916887,Gumbo
//www.foodnetwork.com/recipes/melissa-darabian/succulent-braised-pork-recipe-1948814,Succulent Braised Pork
//www.foodnetwork.com/recipes/paula-deen/country-oxtails-recipe-1937611,Country Oxtails
//www.foodnetwork.com/recipes/tyler-florence/lasagna-al-forno-recipe-1908136,Lasagna al Forno
//www.foodnetwork.com/recipes/paula-deen/alice-jos-spaghetti-sauce-recipe-1916684,Alice Jo's Spaghetti Sauce
//www.foodnetwork.com/recipes/food-network-kitchen/fried-rice-recipe-2011658,Fried Rice
//www.foodnetwork.com/recipes/ina-garten/steak-sandwich-recipe-1948305,Steak Sandwich
//www.foodnetwork.com/recipes/paula-deen/short-ribs-recipe-2040512,Short Ribs
//www.foodnetwork.com/recipes/tyler-florence/horseradish-and-garlic-prime-rib-recipe2-1950314,Horseradish and Garlic Prime Rib
//www.foodnetwork.com/recipes/paula-deen/jambalaya-recipe-3381524,Jambalaya
//www.foodnetwork.com/recipes/rachael-ray/tuscan-chicken-recipe-1951949,Tuscan Chicken
//www.foodnetwork.com/recipes/giada-de-laurentiis/winter-minestrone-recipe2-1922445,Winter Minestrone
//www.foodnetwork.com/recipes/anne-burrell/braised-short-ribs-recipe0-1943261,Braised Short Ribs
//www.foodnetwork.com/recipes/rachael-ray/mini-meatball-soup-recipe-1941150,Mini Meatball Soup
//www.foodnetwork.com/recipes/alton-brown/mini-man-burgers-recipe-1915078,Mini Man Burgers
//www.foodnetwork.com/recipes/ree-drummond/rib-eye-steak-with-onion-blue-cheese-sauce-recipe-2109229,Rib Eye Steak with Onion Blue Cheese Sauce
//www.foodnetwork.com/recipes/bobby-flay/philly-cheese-steak-recipe-2012068,Philly Cheese Steak
//www.foodnetwork.com/recipes/food-network-kitchen/italian-american-meatballs-recipe3-2040289,Italian-American Meatballs
//www.foodnetwork.com/recipes/ellie-krieger/greek-style-stuffed-peppers-recipe-1946946,Greek-Style Stuffed Peppers
//www.foodnetwork.com/recipes/michael-chiarello/moms-stuffed-eggplant-recipe-1947404,Mom's Stuffed Eggplant
//www.foodnetwork.com/recipes/paula-deen/stuffed-red-peppers-recipe-1912933,Stuffed Red Peppers
//www.foodnetwork.com/recipes/paula-deen/baked-spaghetti-recipe-1941192,Baked Spaghetti
//www.foodnetwork.com/recipes/food-network-kitchen/mini-skillet-meatloaves-recipe-1973031,Mini Skillet Meatloaves
//www.foodnetwork.com/recipes/aaron-mccargo-jr/mini-shepherds-pie-recipe-1944619,Mini Shepherd's Pie
//www.foodnetwork.com/recipes/rachael-ray/meatball-subs-recipe-1911315,Meatball Subs
//www.foodnetwork.com/recipes/melissa-darabian/pot-roast-carbonnade-recipe-1949774,Pot Roast Carbonnade
//www.foodnetwork.com/recipes/guy-fieri/dragons-breath-chili-recipe-1945276,Dragon's Breath Chili
//www.foodnetwork.com/recipes/rachael-ray/spaghetti-and-meatball-stoup-thicker-than-soup-thinner-than-stew-recipe-2116614,\Spaghetti and Meatball "Stoup" (thicker than soup, thinner than stew)\
//www.foodnetwork.com/recipes/sour-cream-noodle-bake0-2145182,Sour Cream Noodle Bake
//www.foodnetwork.com/recipes/patrick-and-gina-neely/spensers-sloppy-joes-recipe-1951028,Spenser's Sloppy Joes
//www.foodnetwork.com/recipes/claire-robinson/thyme-for-yorkshire-pudding-recipe-1946410,Thyme for Yorkshire Pudding
//www.foodnetwork.com/recipes/trisha-yearwood/baked-spaghetti-2295660,Baked Spaghetti
//www.foodnetwork.com/recipes/alton-brown/country-style-steak-recipe-1945726,Country Style Steak
//www.foodnetwork.com/recipes/rachael-ray/chili-mac-recipe-1913016,Chili Mac
//www.foodnetwork.com/recipes/alton-brown/skirt-steak-recipe-2014004,Skirt Steak
//www.foodnetwork.com/recipes/tyler-florence/bistro-style-short-ribs-recipe-1950560,Bistro-Style Short Ribs
//www.foodnetwork.com/recipes/ina-garten/steakhouse-steaks-recipe-1943131,Steakhouse Steaks
//www.foodnetwork.com/recipes/jamie-deen/jamies-award-winning-chili-recipe-3381133,Jamie's Award-Winning Chili
//www.foodnetwork.com/recipes/sandra-lee/coney-island-chili-dogs-recipe-2103422,Coney Island Chili Dogs
//www.foodnetwork.com/recipes/ree-drummond/pws-prime-rib-with-rosemary-salt-crust-recipe-2106814,PW's Prime Rib with Rosemary Salt Crust
//www.foodnetwork.com/recipes/alton-brown/good-eats-meat-loaf-recipe-1937673,Good Eats Meatloaf
//www.foodnetwork.com/recipes/giada-de-laurentiis/classic-italian-lasagna-recipe-1941225,Classic Italian Lasagna
//www.foodnetwork.com/recipes/alton-brown/dry-aged-standing-rib-roast-with-sage-jus-recipe-1939502,Dry-Aged Standing Rib Roast with Sage Jus
//www.foodnetwork.com/recipes/food-network-kitchen/moussaka-recipe-2011412,Moussaka
//www.foodnetwork.com/recipes/sunny-anderson/shepherds-pie-with-mushroom-onion-gravy-recipe-2014443,Shepherd's Pie with Mushroom Onion Gravy
//www.foodnetwork.com/recipes/tyler-florence/horseradish-and-salt-crusted-prime-rib-recipe-1943495,Horseradish and Salt-Crusted Prime Rib
//www.foodnetwork.com/recipes/michael-chiarello/shepherds-pie-with-scallion-cheese-crust-recipe-2011990,Shepherds Pie with Scallion-Cheese Crust
//www.foodnetwork.com/recipes/food-network-kitchen/stuffed-cabbage-with-tomato-sauce-recipe-2011549,Stuffed Cabbage with Tomato Sauce
//www.foodnetwork.com/recipes/pot-roast-with-roasted-vegetables-recipe-1952077,Pot Roast with Roasted Vegetables
//www.foodnetwork.com/recipes/paula-deen/french-onion-soup-recipe-1945572,French Onion Soup
//www.foodnetwork.com/recipes/mamas-black-eyed-pea-casserole-recipe-1946729,Mama's Black-Eyed Pea Casserole
//www.foodnetwork.com/recipes/1770-house-meatloaf-recipe-2012775,1770 House Meatloaf
//www.foodnetwork.com/recipes/giada-de-laurentiis/winter-minestrone-recipe-1942096,Winter Minestrone
//www.foodnetwork.com/recipes/tyler-florence/dads-meatloaf-with-tomato-relish-recipe-1917021,Dad's Meatloaf with Tomato Relish
//www.foodnetwork.com/recipes/patrick-and-gina-neely/chicken-fried-steak-with-gravy-recipe-1943679,Chicken Fried Steak with Gravy
//www.foodnetwork.com/recipes/giada-de-laurentiis/stracoto-with-porcini-mushrooms-recipe-1942722,Stracoto with Porcini Mushrooms
//www.foodnetwork.com/recipes/tyler-florence/the-ultimate-lasagna-recipe-1937500,The Ultimate Lasagna
//www.foodnetwork.com/recipes/paula-deen/bubbas-country-fried-steak-and-gravy-recipe-2041931,Bubba's Country-Fried Steak and Gravy
//www.foodnetwork.com/recipes/bobby-flay/roasted-vegetable-meatloaf-with-balsamic-glaze-recipe-2014387,Roasted Vegetable Meatloaf with Balsamic Glaze
//www.foodnetwork.com/recipes/patrick-and-gina-neely/mamas-lasagna-recipe-1937766,Mama's Lasagna
//www.foodnetwork.com/recipes/alton-brown/french-onion-soup-recipe2-1938467,French Onion Soup
//www.foodnetwork.com/recipes/ree-drummond/7-can-soup-2813243,7-Can Soup
//www.foodnetwork.com/recipes/marcela-valladolid/mexican-meatloaf-recipe-1920960,Mexican Meatloaf
//www.foodnetwork.com/recipes/marcela-valladolid/mexican-meatball-soup-recipe-2127830,Mexican Meatball Soup
//www.foodnetwork.com/recipes/the-ultimate-braised-brisket-recipe-1915770,The Ultimate Braised Brisket
//www.foodnetwork.com/recipes/giada-de-laurentiis/short-rib-lasagna-rolls-recipe-1924279,Short Rib Lasagna Rolls
//www.foodnetwork.com/recipes/giada-de-laurentiis/short-ribs-with-tagliatelle-recipe-1917355,Short Ribs with Tagliatelle
//www.foodnetwork.com/recipes/jeff-mauro/mortadella-and-fig-focaccianini-recipe-1925371,Mortadella and Fig Focaccianini
//www.foodnetwork.com/recipes/giada-de-laurentiis/steak-salad-recipe-1942188,Steak Salad
//www.foodnetwork.com/recipes/meatloaf-recipe1-1947646,Meatloaf
//www.foodnetwork.com/recipes/rachael-ray/sexy-surf-and-turfseared-scallops-and-tenderloin-steaks-with-manhattan-sauce-recipe-1945429,Sexy Surf and Turf: Seared Scallops and Tenderloin Steaks with Manhattan Sauce
//www.foodnetwork.com/recipes/ree-drummond/marlboro-mans-favorite-sandwich-recipe-2120617,Marlboro Man's Favorite Sandwich
//www.foodnetwork.com/recipes/anne-burrell/pasta-bolognese-recipe-1939315,Pasta Bolognese
//www.foodnetwork.com/recipes/anne-burrell/braciole-recipe-2014594,Braciole
//www.foodnetwork.com/recipes/giada-de-laurentiis/cipollini-onion-and-fennel-pot-roast-recipe-1923271,Cipollini Onion and Fennel Pot Roast
//www.foodnetwork.com/recipes/ina-garten/individual-meat-loaves-recipe-1952034,Individual Meat Loaves
//www.foodnetwork.com/recipes/ree-drummond/meat-sauce-2219881,Meat Sauce
//www.foodnetwork.com/recipes/rachael-ray/super-sloppy-joes-recipe-1953228,Super Sloppy Joes
//www.foodnetwork.com/recipes/rachael-ray/stuffed-cabbage-stoup-recipe-1946923,Stuffed Cabbage Stoup
//www.foodnetwork.com/recipes/ina-garten/steak-with-bernaise-recipe-1943024,Steak with Bernaise
//www.foodnetwork.com/recipes/paula-deen/steak-diane-recipe-1947348,Steak Diane
//www.foodnetwork.com/recipes/bacon-wrapped-meat-loaf-with-brown-sugar-ketchup-glaze-recipe-1953126,Bacon-Wrapped Meatloaf with Brown Sugar-Ketchup Glaze
//www.foodnetwork.com/recipes/grilled-flank-steak-with-shallot-and-red-wine-sauce-recipe-2014813,Grilled Flank Steak with Shallot and Red Wine Sauce
//www.foodnetwork.com/recipes/ina-garten/pastitsio-recipe-1949975,Pastitsio
//www.foodnetwork.com/recipes/tyler-florence/amarone-osso-buco-pot-roast-recipe-2012991,Amarone Osso Buco Pot Roast
//www.foodnetwork.com/recipes/dave-lieberman/braised-hoisin-beer-short-ribs-with-creamy-mashed-yukons-and-sesame-snow-peas-recipe-1944994,Braised Hoisin Beer Short Ribs with Creamy Mashed Yukons and Sesame Snow Peas
//www.foodnetwork.com/recipes/grandma-maronis-meatballs-100-year-old-recipe-recipe-1950417,Grandma Maronis Meatballs 100 Year Old Recipe
//www.foodnetwork.com/recipes/guy-fieri/hot-wieners-rhode-island-style-recipe-1948766,Hot Wieners Rhode Island Style
//www.foodnetwork.com/recipes/marcela-valladolid/beer-marinated-grilled-skirt-steak-recipe-2104699,Beer-Marinated Grilled Skirt Steak
//www.foodnetwork.com/recipes/tyler-florence/tylers-texas-chili-recipe2-1943113,Tyler's Texas Chili
//www.foodnetwork.com/recipes/melissa-darabian/french-onion-soup-recipe-1923160,French Onion Soup
//www.foodnetwork.com/recipes/paula-deen/aunt-peggys-meat-loaf-recipe-2127839,Aunt Peggy's Meat Loaf
//www.foodnetwork.com/recipes/tyler-florence/tacos-carne-asada-recipe-1914781,Tacos Carne Asada
//www.foodnetwork.com/recipes/alton-brown/corn-dogs-recipe-1941945,Corn Dogs
//www.foodnetwork.com/recipes/sandra-lee/lasagna-recipe-1916462,Lasagna
//www.foodnetwork.com/recipes/rachael-ray/quick-chicken-cacciatore-recipe-1951821,Quick Chicken Cacciatore
//www.foodnetwork.com/recipes/rachael-ray/chili-dog-nachos-recipe-1916163,Chili Dog Nachos
//www.foodnetwork.com/recipes/alton-brown/sauerbraten-recipe-1944490,Sauerbraten
//www.foodnetwork.com/recipes/melissa-darabian/4-step-chicken-marengo-recipe-1949194,4-Step Chicken Marengo
//www.foodnetwork.com/recipes/tyler-florence/swedish-meatballs-with-lingonberry-sauce-recipe-1914015,Swedish Meatballs with Lingonberry Sauce
//www.foodnetwork.com/recipes/sandra-lee/pot-roast-with-roasted-root-vegetables-recipe-1949111,Pot Roast with Roasted Root Vegetables
//www.foodnetwork.com/recipes/rachael-ray/devilish-chili-cheese-dogs-recipe-1942655,Devilish Chili-Cheese Dogs
//www.foodnetwork.com/recipes/cinnamon-rolls-recipe-2122420,Cinnamon Rolls
//www.foodnetwork.com/recipes/rachael-ray/mac-and-cheese-dog-casserole-recipe-1916477,Mac and Cheese Dog Casserole
//www.foodnetwork.com/recipes/rachael-ray/steakhouse-shepherds-pie-recipe-1937513,Steakhouse Shepherd's Pie
//www.foodnetwork.com/recipes/sandra-lee/chinese-braised-short-ribs-recipe-1944178,Chinese Braised Short Ribs
//www.foodnetwork.com/recipes/patrick-and-gina-neely/neelys-short-ribs-recipe-1944190,Neelys Short Ribs
//www.foodnetwork.com/recipes/rachael-ray/meatloaf-patties-smashed-potatoes-and-pan-gravy-recipe-1939349,\Meatloaf Patties, Smashed Potatoes, and Pan Gravy\
//www.foodnetwork.com/recipes/paula-deen/texas-brisket-recipe-3381354,Texas Brisket
//www.foodnetwork.com/recipes/valerie-bertinelli/lasagna-alla-besciamella-3184533,Lasagna alla Besciamella
//www.foodnetwork.com/recipes/giada-de-laurentiis/petite-filet-with-gorgonzola-and-porcini-mushroom-sauce-recipe-1953506,Petite Filet with Gorgonzola and Porcini Mushroom Sauce
//www.foodnetwork.com/recipes/sunny-anderson/interstate-chili-recipe-1945116,Interstate Chili
//www.foodnetwork.com/recipes/tyler-florence/fajitas-recipe2-1953731,Fajitas
//www.foodnetwork.com/recipes/tyler-florence/tagliatelle-bolognese-recipe2-1946738,Tagliatelle Bolognese
//www.foodnetwork.com/recipes/guy-fieri/chili-rice-recipe-1949976,Chili Rice
//www.foodnetwork.com/recipes/patrick-and-gina-neely/barbeque-baked-beans-recipe-1911296,Barbeque Baked Beans
//www.foodnetwork.com/recipes/giada-de-laurentiis/flat-iron-steak-with-red-wine-sauce-recipe-1942707,Flat Iron Steak with Red Wine Sauce
//www.foodnetwork.com/recipes/texas-bbq-pot-roast-recipe-2014012,Texas BBQ Pot Roast
//www.foodnetwork.com/recipes/rachael-ray/pepper-steak-and-rice-pilaf-with-mushrooms-recipe-1915350,Pepper Steak and Rice Pilaf with Mushrooms
//www.foodnetwork.com/recipes/sandra-lee/5-bean-chili-recipe-1945302,5 Bean Chili
//www.foodnetwork.com/recipes/ina-garten/1770-house-meatloaf-recipe-2109034,1770 House Meatloaf
//www.foodnetwork.com/recipes/ina-garten/real-hamburgers-recipe-1941208,Real Hamburgers
//www.foodnetwork.com/recipes/aaron-mccargo-jr/smothered-pork-chops-recipe-1949195,Smothered Pork Chops
//www.foodnetwork.com/recipes/the-ladys-brunch-burger-recipe-1908856,The Lady's Brunch Burger
//www.foodnetwork.com/recipes/lasagna-recipe0-1957755,Lasagna
//www.foodnetwork.com/recipes/rachael-ray/salisbury-steak-wild-mushroom-gravy-smashed-potatoes-garlic-herb-cheese-chives-creamed-spinach-recipe-1942075,\Salisbury Steak with Wild Mushroom Gravy, Smashed Potatoes with garlic and Herb Cheese and Chives, Creamed Spinach\
//www.foodnetwork.com/recipes/giada-de-laurentiis/hearty-meatball-stew-recipe-2124762,Hearty Meatball Stew
//www.foodnetwork.com/recipes/alton-brown/burger-of-the-gods-recipe-1906563,Burger of the Gods
//www.foodnetwork.com/recipes/aarti-sequeira/meatball-curry-recipe-1925146,Meatball Curry
//www.foodnetwork.com/recipes/tyler-florence/spaghetti-and-meatballs-recipe2-1953802,Spaghetti and Meatballs
//www.foodnetwork.com/recipes/paula-deen/the-lady-and-sons-lasagna-recipe-2041916,The Lady and Sons Lasagna
//www.foodnetwork.com/recipes/build-your-own-shish-kabobs-recipe-1951931,Build-Your-Own Shish Kabobs
//www.foodnetwork.com/recipes/dave-lieberman/baked-bolognese-recipe-2131351,Baked Bolognese
//www.foodnetwork.com/recipes/paula-deen/saturday-night-vidalia-onions-recipe-1941429,Saturday Night Vidalia Onions
//www.foodnetwork.com/recipes/rachael-ray/sunday-gravy-and-macaroni-spaghetti-really-recipe-1913974,\Sunday Gravy and Macaroni (Spaghetti, really)\
//www.foodnetwork.com/recipes/paula-deen/sloppy-joes-recipe-1915381,Sloppy Joes
//www.foodnetwork.com/recipes/bobby-flay/coffee-rubbed-rib-eye-recipe-1916521,Coffee Rubbed Rib-Eye
//www.foodnetwork.com/recipes/brookes-homemade-meatloaf-recipe-1948813,Brooke's Homemade Meatloaf
//www.foodnetwork.com/recipes/giada-de-laurentiis/onion-soup-with-fontina-and-thyme-recipe-2014053,Onion Soup with Fontina and Thyme
//www.foodnetwork.com/recipes/bobby-flay/lasagna-recipe-1953426,Lasagna
//www.foodnetwork.com/recipes/giada-de-laurentiis/rigatoni-with-steak-sauce-recipe-1943847,Rigatoni with Steak Sauce
//www.foodnetwork.com/recipes/guy-fieri/jagerschnitzel-with-bacon-mushroom-gravy-jager-hunter-recipe-1943082,Jagerschnitzel with Bacon Mushroom Gravy (Jager = Hunter)
//www.foodnetwork.com/recipes/bobby-flay/sliders-with-chipotle-mayonnaise-recipe-1953651,Sliders with Chipotle Mayonnaise
//www.foodnetwork.com/recipes/robin-miller/slow-cooker-ginger-soy-short-ribs-green-rice-with-lime-recipe-1947623,Slow Cooker Ginger-Soy Short Ribs Green Rice with Lime
//www.foodnetwork.com/recipes/giada-de-laurentiis/mini-meatball-heroes-recipe2-1943537,Mini Meatball Heroes
//www.foodnetwork.com/recipes/6-hour-tri-tip-marinade-recipe-1944573,6 Hour Tri-tip Marinade
//www.foodnetwork.com/recipes/rachael-ray/reuben-mac-n-cheese-recipe2-1942189,Reuben Mac n Cheese
//www.foodnetwork.com/recipes/melissa-darabian/meatloaf-with-mustard-and-sour-cream-gravy-recipe-2124847,Meatloaf with Mustard and Sour Cream Gravy
//www.foodnetwork.com/recipes/bbq-spaghetti-recipe-1937436,BBQ Spaghetti
//www.foodnetwork.com/recipes/patrick-and-gina-neely/grilled-flank-steak-with-gorgonzola-cream-sauce-recipe-1938825,Grilled Flank Steak with Gorgonzola Cream Sauce
//www.foodnetwork.com/recipes/bucatini-with-bacon-sauce-and-meatballs-recipe-2125838,Bucatini with Bacon Sauce and Meatballs
//www.foodnetwork.com/recipes/giada-de-laurentiis/bucatini-allamatriciana-with-spicy-smoked-mozzarella-meatballs-recipe-1943347,Bucatini All'Amatriciana with Spicy Smoked Mozzarella Meatballs
//www.foodnetwork.com/recipes/sandra-lee/marmalade-meat-balls-recipe-1917415,Marmalade Meat Balls
//www.foodnetwork.com/recipes/paula-deen/bacon-cheeseburger-meatloaf-recipe-1946810,Bacon Cheeseburger Meatloaf
//www.foodnetwork.com/recipes/marcela-valladolid/warm-picnic-burritos-burritos-de-machaca-recipe-1952475,Warm Picnic Burritos ("Burritos De Machaca")
//www.foodnetwork.com/recipes/nancy-fuller/lamb-stew-with-sherry-and-mushrooms-2251072,Lamb Stew with Sherry and Mushrooms
//www.foodnetwork.com/recipes/rachael-ray/flank-steak-pinwheels-recipe-1947824,Flank Steak Pinwheels
//www.foodnetwork.com/recipes/food-network-kitchen/meatloaf-with-tomato-gravy-recipe-1944134,Meatloaf with Tomato Gravy
//www.foodnetwork.com/recipes/eggplant-timbale-recipe-2095694,Eggplant Timbale
//www.foodnetwork.com/recipes/bobby-flay/bobby-flays-spaghetti-and-meat-balls-with-tomato-sauce-recipe-1927373,Bobby Flay's Spaghetti and Meat Balls with Tomato Sauce
//www.foodnetwork.com/recipes/michael-chiarello/guinness-and-onion-soup-with-irish-cheddar-crouton-recipe-1947070,Guinness and Onion Soup with Irish Cheddar Crouton
//www.foodnetwork.com/recipes/rachael-ray/sloppy-joe-di-maggios-serves-a-whole-team-of-9-little-leaguers-recipe-1948048,Sloppy Joe Di Maggios - Serves a whole team of 9 little leaguers!
//www.foodnetwork.com/recipes/ellie-krieger/sweet-and-sour-brisket-recipe-2013187,Sweet and Sour Brisket
//www.foodnetwork.com/recipes/patrick-and-gina-neely/ginas-oxtail-stew-recipe-1952151,Gina's Oxtail Stew
//www.foodnetwork.com/recipes/tyler-florence/the-ultimate-meatballs-al-forno-with-creamy-polenta-recipe-1941014,The Ultimate Meatballs al Forno with Creamy Polenta
//www.foodnetwork.com/recipes/paula-deen/bo-burger-recipe-1941007,Bo Burger
//www.foodnetwork.com/recipes/giada-de-laurentiis/filet-mignon-with-balsamic-syrup-and-goat-cheese-recipe-1916034,Filet Mignon with Balsamic Syrup and Goat Cheese
//www.foodnetwork.com/recipes/alton-brown/pot-roast-recipe-1938843,Pot Roast
//www.foodnetwork.com/recipes/rachael-ray/cowboy-spaghetti-recipe-1917080,Cowboy Spaghetti
//www.foodnetwork.com/recipes/rachael-ray/mannys-manly-meat-sauce-recipe-1939284,Manny's Manly Meat Sauce
//www.foodnetwork.com/recipes/giada-de-laurentiis/veal-scaloppini-with-saffron-cream-sauce-recipe-1943706,Veal Scaloppini with Saffron Cream Sauce
//www.foodnetwork.com/recipes/bobby-flay/spaghetti-and-meatballs-with-tomato-sauce-recipe-1916764,Spaghetti and Meatballs with Tomato Sauce
//www.foodnetwork.com/recipes/melissa-darabian/north-african-meatballs-recipe-1948404,North African Meatballs
//www.foodnetwork.com/recipes/paula-deen/jambalaya-recipe2-2103890,Jambalaya
//www.foodnetwork.com/recipes/aaron-mccargo-jr/pork-chops-with-mushroom-madeira-sauce-recipe-1948817,Pork Chops with Mushroom Madeira Sauce
//www.foodnetwork.com/recipes/tyler-florence/spaghetti-bolognese-recipe-1943479,Spaghetti Bolognese
//www.foodnetwork.com/recipes/tyler-florence/the-ultimate-steak-sandwich-recipe-1947893,The Ultimate Steak Sandwich
//www.foodnetwork.com/recipes/giada-de-laurentiis/mini-meatball-sandies-recipe-1949085,Mini Meatball Sandies
//www.foodnetwork.com/recipes/basic-pot-roast-1937715,Basic Pot Roast
//www.foodnetwork.com/recipes/jeff-mauro/all-american-down-home-patriotic-meatloaf-sandwich-recipe-2042554,All-American Down-Home Patriotic Meatloaf Sandwich
//www.foodnetwork.com/recipes/rachael-ray/italian-mini-meat-loaves-with-mac-and-three-cheeses-recipe-1915732,Italian Mini Meat Loaves with Mac and Three Cheeses
//www.foodnetwork.com/recipes/paula-deen/gold-medal-sizzling-fajitas-recipe-1949930,Gold Medal Sizzling Fajitas
//www.foodnetwork.com/recipes/rachael-ray/uptown-down-home-chili-recipe-1916615,Uptown Down-Home Chili
//www.foodnetwork.com/recipes/paula-deen/chili-in-a-biscuit-bowl-recipe-1944574,Chili in a Biscuit Bowl
//www.foodnetwork.com/recipes/dave-lieberman/red-wine-pot-roast-with-honey-and-thyme-recipe-1916934,Red Wine Pot Roast with Honey and Thyme
//www.foodnetwork.com/recipes/rachael-ray/marinated-grilled-flank-steak-with-blt-smashed-potatoes-recipe-1915696,Marinated Grilled Flank Steak with BLT Smashed Potatoes
//www.foodnetwork.com/recipes/southwestern-taco-pot-pie-recipe-2013859,Southwestern Taco Pot Pie
//www.foodnetwork.com/recipes/melissa-darabian/french-cut-steak-recipe-1949683,French Cut Steak
//www.foodnetwork.com/recipes/aida-mollenkamp/sticky-five-spice-short-ribs-recipe-1944241,Sticky Five-Spice Short Ribs
//www.foodnetwork.com/recipes/rachael-ray/chicago-dog-salad-recipe-1952086,Chicago Dog Salad
//www.foodnetwork.com/recipes/rachael-ray/mexican-meat-zza-mexican-deep-dish-pan-pizza-recipe-1943469,Mexican Meat-zza: Mexican Deep-Dish Pan Pizza
//www.foodnetwork.com/recipes/paula-deen/black-and-blue-burger-recipe-1915550,Black and Blue Burger
//www.foodnetwork.com/recipes/aaron-mccargo-jr/spicy-jalapeno-sliders-recipe-1945027,Spicy Jalapeno Sliders
//www.foodnetwork.com/recipes/food-network-kitchen/slow-cooked-korean-style-short-rib-soup-recipe2-1928391,Slow Cooked Korean-Style Short Rib Soup
//www.foodnetwork.com/recipes/robin-miller/chicken-fried-pork-with-sweet-jalapeno-sauce-recipe-1917410,Chicken Fried Pork with Sweet Jalapeno Sauce
//www.foodnetwork.com/recipes/paula-deen/balsamic-glazed-london-broil-recipe-1949772,Balsamic Glazed London Broil
//www.foodnetwork.com/recipes/paula-deen/taco-chili-with-mix-recipe-2012022,Taco Chili with Mix
//www.foodnetwork.com/recipes/giada-de-laurentiis/stuffed-meatloaf-recipe-1944982,Stuffed Meatloaf
//www.foodnetwork.com/recipes/rachael-ray/spicy-sausage-meatloaf-patties-with-italian-barbecue-sauce-recipe-1917056,Spicy Sausage Meatloaf Patties with Italian Barbecue Sauce
//www.foodnetwork.com/recipes/rachael-ray/veal-meatball-and-broccoli-rabe-stoup-recipe-1945366,Veal Meatball and Broccoli Rabe Stoup
//www.foodnetwork.com/recipes/paula-deen/northern-italian-pasta-shell-stuffing-recipe-1943193,Northern Italian Pasta Shell Stuffing
//www.foodnetwork.com/recipes/cowboy-tri-tip-recipe-2124439,Cowboy Tri-Tip
//www.foodnetwork.com/recipes/melissa-darabian/moussaka-recipe-2042475,Moussaka
//www.foodnetwork.com/recipes/paula-deen/barbecued-short-ribs-recipe-1941392,Barbecued Short-Ribs
//www.foodnetwork.com/recipes/giada-de-laurentiis/penne-with-turkey-meatballs-recipe2-2102867,Penne with Turkey Meatballs
//www.foodnetwork.com/recipes/cornbread-stuffed-meatloaf-recipe-1917100,Cornbread Stuffed Meatloaf
//www.foodnetwork.com/recipes/paula-deen/country-fried-steak-with-biscuits-and-gravy-recipe-1945267,Country Fried Steak with Biscuits and Gravy
//www.foodnetwork.com/recipes/giada-de-laurentiis/steak-sandwiches-recipe-1944106,Steak Sandwiches
//www.foodnetwork.com/recipes/guy-fieri/killer-inside-out-burger-with-worcestershire-tomato-ketchup-recipe-1947701,Killer Inside Out Burger with Worcestershire Tomato Ketchup
//www.foodnetwork.com/recipes/tyler-florence/filet-mignon-with-mushrooms-and-sauce-pinot-noir-recipe-1914374,Filet Mignon with Mushrooms and Sauce Pinot Noir
//www.foodnetwork.com/recipes/rachael-ray/marinated-no-mystery-meats-recipe-1940912,Marinated No-Mystery Meats
//www.foodnetwork.com/recipes/sandra-lee/sls-spaghetti-recipe-1943349,SL's Spaghetti
//www.foodnetwork.com/recipes/rachael-ray/chicken-cacciatore-subs-recipe-1915532,Chicken Cacciatore Subs
//www.foodnetwork.com/recipes/paula-deen/the-lady-and-sons-lasagna-recipe3-2131358,The Lady and Sons Lasagna
//www.foodnetwork.com/recipes/paula-deen/grillades-and-grits-recipe-1942677,Grillades and Grits
//www.foodnetwork.com/recipes/dave-lieberman/dry-rubbed-london-broil-recipe-1945011,Dry Rubbed London Broil
//www.foodnetwork.com/recipes/rachael-ray/taco-pockets-recipe-1911599,Taco Pockets
//www.foodnetwork.com/recipes/tyler-florence/new-york-strip-steak-with-brandied-mushrooms-and-fresh-thyme-recipe-1947470,New York Strip Steak with Brandied Mushrooms and Fresh Thyme
//www.foodnetwork.com/recipes/sunny-anderson/sunnys-chicken-fried-steak-with-diced-potato-gravy-recipe-1949600,Sunny's Chicken Fried Steak with Diced Potato Gravy
//www.foodnetwork.com/recipes/michael-chiarello/chiarello-chocolate-chili-con-carne-recipe-1943951,Chiarello Chocolate Chili Con Carne
//www.foodnetwork.com/recipes/rachael-ray/gorgonzola-filled-meatballs-bay-and-onion-creamy-tomato-gravy-recipe-1942627,\Gorgonzola Filled Meatballs, Bay and Onion Creamy Tomato Gravy\
//www.foodnetwork.com/recipes/paula-deen/swiss-steak-recipe-1947556,Swiss Steak
//www.foodnetwork.com/recipes/paula-deen/cheeseburger-meatloaf-and-sauce-recipe-1916104,Cheeseburger Meatloaf and Sauce
//www.foodnetwork.com/recipes/paula-deen/tastes-like-lasagna-soup-recipe-1953093,Tastes Like Lasagna Soup
//www.foodnetwork.com/recipes/rachael-ray/mega-meatball-pizza-recipe-1916345,Mega Meatball Pizza
//www.foodnetwork.com/recipes/tyler-florence/stuffed-bacon-cheeseburgers-recipe-1942640,Stuffed Bacon Cheeseburgers
//www.foodnetwork.com/recipes/sandra-lee/chuck-wagon-brisket-recipe-2014393,Chuck Wagon Brisket
//www.foodnetwork.com/recipes/rachael-ray/taco-bowls-with-guac-a-salsa-salad-recipe-1945200,Taco Bowls with Guac-a-Salsa Salad
//www.foodnetwork.com/recipes/giada-de-laurentiis/seared-rib-eye-steak-with-arugula-and-roasted-pepper-salad-recipe3-1913684,Seared Rib-Eye Steak with Arugula and Roasted Pepper Salad
//www.foodnetwork.com/recipes/giada-de-laurentiis/chicken-and-steak-fajitas-recipe-2040668,Chicken and Steak Fajitas
//www.foodnetwork.com/recipes/two-sauce-weeknight-lasagna-bowls-recipe-2013633,Two Sauce Weeknight Lasagna Bowls
//www.foodnetwork.com/recipes/bobby-flay/roasted-vegetable-meat-loaf-with-balsamic-glaze-recipe-1917573,Roasted Vegetable Meatloaf with Balsamic Glaze
//www.foodnetwork.com/recipes/giada-de-laurentiis/lamb-stew-with-cipolline-onions-and-potatoes-recipe-1944374,Lamb Stew with Cipolline Onions and Potatoes
//www.foodnetwork.com/recipes/rachael-ray/meatloaf-with-smothered-mushrooms-and-cheesy-cauliflower-recipe-1916890,Meatloaf with Smothered Mushrooms and Cheesy Cauliflower
//www.foodnetwork.com/recipes/rachael-ray/bolognese-bread-pizza-recipe-1944531,Bolognese Bread Pizza
//www.foodnetwork.com/recipes/ingrid-hoffmann/shredded-steak-with-peppers-onions-and-tomatoes-ropa-vieja-recipe-1938496,\Shredded Steak with Peppers, Onions and Tomatoes (Ropa Vieja)\
//www.foodnetwork.com/recipes/sunny-anderson/bay-ridge-empanadas-recipe-1949076,Bay Ridge Empanadas
//www.foodnetwork.com/recipes/sandra-lee/las-chalupas-recipe-1914996,Las Chalupas
//www.foodnetwork.com/recipes/rachael-ray/sloppy-lasagna-recipe-1922120,Sloppy Lasagna
//www.foodnetwork.com/recipes/sandra-lee/smothered-meatloaf-recipe-1937217,Smothered Meatloaf
//www.foodnetwork.com/recipes/penne-with-cajun-hot-links-and-chipotle-shrimp-recipe-2103658,Penne with Cajun Hot Links and Chipotle Shrimp
//www.foodnetwork.com/recipes/paula-deen/short-ribs-recipe2-2014420,Short Ribs
//www.foodnetwork.com/recipes/anne-burrell/dry-rubbed-rib-eye-recipe2-2014022,Dry-Rubbed Rib-Eye
//www.foodnetwork.com/recipes/rachael-ray/caution-flag-chili-with-flat-tire-toppers-recipe-1917005,Caution Flag Chili with Flat Tire Toppers
//www.foodnetwork.com/recipes/pan-fried-meatloaf-in-tricolor-peppers-recipe-2013246,Pan Fried Meatloaf in Tricolor Peppers
//www.foodnetwork.com/recipes/sandra-lee/pillow-dogs-recipe-1943452,Pillow Dogs
//www.foodnetwork.com/recipes/food-network-kitchen/sweet-and-spicy-london-broil-recipe-1916814,Sweet and Spicy London Broil
//www.foodnetwork.com/recipes/rachael-ray/oven-baked-corn-dogs-recipe-2013864,Oven Baked Corn Dogs
//www.foodnetwork.com/recipes/rachael-ray/london-broil-with-steak-sauce-gravy-smashed-cauliflower-with-cheese-ham-and-red-chard-recipe-1944090,\London Broil with Steak Sauce Gravy, Smashed Cauliflower with Cheese, Ham and Red Chard\
//www.foodnetwork.com/recipes/michael-chiarello/salisbury-steak-with-mushroom-sauce-recipe-2103564,Salisbury Steak with Mushroom Sauce
//www.foodnetwork.com/recipes/rachael-ray/stuffed-steak-with-prosciutto-and-spinach-recipe-2013851,Stuffed Steak with Prosciutto and Spinach
//www.foodnetwork.com/recipes/bobby-flay/cuban-style-burgers-on-the-grill-recipe-1914921,Cuban-style Burgers on the Grill
//www.foodnetwork.com/recipes/rachael-ray/sicilian-stick-to-your-ribs-mealmeatloaf-brasciole-roll-ups-pasta-broccolini-and-ricotta-recipe-1952083,\Sicilian Stick to Your Ribs Meal: Meatloaf Brasciole (Roll Ups), Pasta, Broccolini and Ricotta\
//www.foodnetwork.com/recipes/rachael-ray/three-alarm-italian-style-chili-mac-recipe-1947540,Three-Alarm Italian Style Chili Mac
//www.foodnetwork.com/recipes/paula-deen/hobo-hamburgers-recipe-2102982,Hobo Hamburgers
//www.foodnetwork.com/recipes/aaron-mccargo-jr/inside-out-burger-recipe-1944685,Inside Out Burger
//www.foodnetwork.com/recipes/aaron-mccargo-jr/cheese-stuffed-bacon-meatballs-recipe-2014176,Cheese Stuffed Bacon Meatballs
//www.foodnetwork.com/recipes/rachael-ray/sirloin-burgers-with-balsamic-mayo-mushrooms-and-swiss-recipe-1940346,\Sirloin Burgers with Balsamic Mayo, Mushrooms and Swiss\
//www.foodnetwork.com/recipes/guy-fieri/sloppy-joes-with-maui-onion-straws-recipe-1972805,Sloppy Joes with Maui Onion Straws
//www.foodnetwork.com/recipes/cornbread-topped-chili-con-carne-recipe-2014126,Cornbread Topped Chili Con Carne
//www.foodnetwork.com/recipes/rachael-ray/inside-out-bacon-cheeseburgers-with-grilled-green-onion-mayo-recipe-1941404,Inside-Out Bacon Cheeseburgers with Grilled Green Onion Mayo
//www.foodnetwork.com/recipes/rachael-ray/not-sagna-pasta-toss-recipe-1945555,Not-sagna Pasta Toss
//www.foodnetwork.com/recipes/patrick-and-gina-neely/grilled-new-york-strip-steak-with-beer-and-molasses-steak-sauce-recipe-1938088,Grilled New York Strip Steak with Beer and Molasses Steak Sauce
//www.foodnetwork.com/recipes/bobby-flay/red-wine-marinated-flank-steak-filled-with-prosciutto-fontina-and-basil-with-cabernet-shallot-reduction-recipe-1953863,\Red Wine Marinated Flank Steak Filled with Prosciutto, Fontina and Basil with Cabernet-Shallot Reduction\
//www.foodnetwork.com/recipes/southwestern-chili-con-carne-recipe-1942258,Southwestern Chili Con Carne
//www.foodnetwork.com/recipes/rachael-ray/ginger-flank-steak-with-wasabi-smashed-potatoes-recipe-1945548,Ginger Flank Steak with Wasabi Smashed Potatoes
//www.foodnetwork.com/recipes/rachael-ray/sauteed-pork-chops-with-sherry-berry-pan-gravy-rhubarb-chutney-recipe-1952137,\Sauteed Pork Chops with Sherry-Berry Pan Gravy, Rhubarb Chutney\
//www.foodnetwork.com/recipes/mini-cheeseburger-puffs-recipe-1952138,Mini Cheeseburger Puffs
//www.foodnetwork.com/recipes/rachael-ray/tacozagna-and-banana-cheesecakes-recipe-1950669,Tacozagna and Banana Cheesecakes
//www.foodnetwork.com/recipes/rachael-ray/ribollita-con-verdure-recipe-1916975,Ribollita con Verdure
//www.foodnetwork.com/recipes/greek-goulash-recipe-1937637,Greek Goulash
//www.foodnetwork.com/recipes/rachael-ray/steak-sandwichknife-and-fork-required-recipe-2013707,Steak Sandwich...Knife and Fork Required
//www.foodnetwork.com/recipes/ellie-krieger/chili-rubbed-steak-tacos-recipe-1945797,Chili-Rubbed Steak Tacos
//www.foodnetwork.com/recipes/rachael-ray/zuppa-osso-buco-recipe-1944081,Zuppa Osso Buco
//www.foodnetwork.com/recipes/rachael-ray/smoky-sirloin-stew-with-watercress-dumplings-recipe-1915368,Smoky Sirloin Stew with Watercress Dumplings
//www.foodnetwork.com/recipes/rachael-ray/mini-chicken-sausage-meatballs-with-gnocchi-and-tomato-sauce-recipe-2122412,Mini Chicken Sausage Meatballs with Gnocchi and Tomato Sauce
//www.foodnetwork.com/recipes/sandra-lee/steak-pinwheels-with-sun-dried-tomato-stuffing-and-rosemary-mashed-potatoes-recipe-1942055,Steak Pinwheels with Sun-Dried Tomato Stuffing and Rosemary Mashed Potatoes
//www.foodnetwork.com/recipes/rachael-ray/korean-barbecued-flank-steak-on-hot-and-sour-slaw-salad-recipe-1944395,Korean Barbecued Flank Steak on Hot and Sour Slaw Salad
//www.foodnetwork.com/recipes/guy-fieri/bloody-mary-flank-steak-recipe0-1946038,Bloody Mary Flank Steak
//www.foodnetwork.com/recipes/sandra-lee/teriyaki-beer-skirt-steak-recipe-1944388,Teriyaki-Beer Skirt Steak
//www.foodnetwork.com/recipes/tyler-florence/the-burger-bar-recipe-2011982,The Burger Bar
//www.foodnetwork.com/recipes/rachael-ray/tenderloin-steaks-gorgonzola-herbs-and-roasted-garlic-and-grape-tomato-pasta-basil-and-arugula-recipe-1950542,Tenderloin Steaks with Gorgonzola and Herbs and Roasted Garlic and Grape Tomato Pasta with Basil and Arugula
//www.foodnetwork.com/recipes/robin-miller/jamaican-jerk-flank-steak-recipe-1916529,Jamaican Jerk Flank Steak
//www.foodnetwork.com/recipes/tyler-florence/fajitas-recipe-1906480,Fajitas
//www.foodnetwork.com/recipes/rachael-ray/cobb-salad-double-the-meat-and-hold-the-lettuce-recipe-2103439,Cobb Salad: Double the Meat and Hold the Lettuce!
//www.foodnetwork.com/recipes/sandra-lee/cheesesteak-subs-recipe-2103833,Cheesesteak Subs
//www.foodnetwork.com/recipes/rachael-ray/mini-cheeseburger-salad-with-yellow-mustard-vinaigrette-recipe-1943159,Mini Cheeseburger Salad with Yellow Mustard Vinaigrette
//www.foodnetwork.com/recipes/sandra-lee/chicken-fried-steak-with-gravy-recipe-2013735,Chicken Fried Steak with Gravy
//www.foodnetwork.com/recipes/rachael-ray/open-faced-chili-burgers-on-grilled-portobello-buns-with-smoked-cheese-recipe-2117769,Open-Faced Chili Burgers on Grilled Portobello "Buns" with Smoked Cheese
//www.foodnetwork.com/recipes/rachael-ray/fiery-hot-texas-t-bones-with-chipotle-smashed-potatoes-and-hot-and-sweet-pepper-saute-recipe-1944355,Fiery Hot Texas T-Bones with Chipotle Smashed Potatoes and Hot and Sweet Pepper Saute
//www.foodnetwork.com/recipes/rachael-ray/sliced-chili-rubbed-flank-steak-on-spicy-rice-with-shrimp-and-guacamole-stacks-recipe-2014421,Sliced Chili Rubbed Flank Steak on Spicy Rice with Shrimp and Guacamole Stacks
//www.foodnetwork.com/recipes/rachael-ray/sugared-sirloins-recipe-1942901,Sugared Sirloins
//www.foodnetwork.com/recipes/rachael-ray/mashed-plantains-garlic-tomato-shrimp-grilled-flank-steak-lime-onions-quick-rice-black-beans-recipe-2013991,\Cuban Via Miami Feast: Mashed Plantains with Oh, Baby! Garlic-Tomato Shrimp on Top, Grilled Flank Steak with Lime and Onions, Quick Rice with Black Beans\
