beef,51
stew,7
and,7
bourguignon,5
tenderloin,5
wellington,3
chili,3
roast,3
italian,3
the,2
ultimate,2
corned,2
cabbage,2
moussaka,2
lasagna,2
sandwich,2
emeril's,2
good,2
eats,2
ribs,2
chicago,2
fillet,2
of,2
bourguignonne,2
tamed,2
brisket,1
cheese,1
manicotti,1
red,1
individual,1
wellingtons,1
pot,1
pies,1
all,1
american,1
taco,1
better,1
braciola,1
bacon,1
wrapped,1
herb,1
crusted,1
sunday,1
gravy,1
stroganoff,1
over,1
buttered,1
noodles,1
with,1
potato,1
gratin,1
horseradish,1
sauce,1
bechamel,1
in,1
salt,1
crust,1
mongolian,1
mike,1
mills',1
(pot,1
style),1
korean,1
ravioli,1
chianti,1
marinated,1
spinach,1
artichoke,1
wolfgang's,1
goulash,1
guinness,1
short,1
jerky,1
holla,1
enchiladas,1
rib,1
