//www.foodnetwork.com/recipes/paula-deen/beef-stroganoff-recipe-1940482,Beef Stroganoff
//www.foodnetwork.com/recipes/ree-drummond/beef-with-broccoli-2495686,Beef With Broccoli
//www.foodnetwork.com/recipes/ina-garten/filet-of-beef-recipe-1920383,Filet of Beef
//www.foodnetwork.com/recipes/ree-drummond/beef-tacos-2632842,Beef Tacos
//www.foodnetwork.com/recipes/beef-stir-fry-3364942,Beef Stir-Fry
//www.foodnetwork.com/recipes/ree-drummond/beef-stroganoff-2770461,Beef Stroganoff
//www.foodnetwork.com/recipes/ree-drummond/peppercorn-roasted-beef-tenderloin-recipe-2070890,Peppercorn Roasted Beef Tenderloin
//www.foodnetwork.com/recipes/giada-de-laurentiis/beef-and-cheese-manicotti-recipe-1914958,Beef and Cheese Manicotti
//www.foodnetwork.com/recipes/ina-garten/fillet-of-beef-recipe-1940215,Fillet of Beef
//www.foodnetwork.com/recipes/corned-beef-hash-recipe-2103490,Corned Beef Hash
//www.foodnetwork.com/recipes/beef-and-broccoli-3872568,Beef and Broccoli
//www.foodnetwork.com/recipes/food-network-kitchen/beef-and-cheddar-casserole-recipe-2042594,Beef and Cheddar Casserole
//www.foodnetwork.com/recipes/food-network-kitchen/beef-stroganoff-recipe-2124411,Beef Stroganoff
//www.foodnetwork.com/recipes/trisha-yearwood/cheesy-beef-and-potato-hash-4662156,Cheesy Beef and Potato Hash
//www.foodnetwork.com/recipes/ree-drummond/beef-and-bean-burritos-recipe-1981061,Beef and Bean Burritos
//www.foodnetwork.com/recipes/rachael-ray/beef-stroganoff-recipe-1915292,Beef Stroganoff
//www.foodnetwork.com/recipes/ina-garten/balsamic-roasted-beef-2311090,Balsamic Roasted Beef
//www.foodnetwork.com/recipes/alton-brown/corned-beef-hash-recipe-1952329,Corned Beef Hash
//www.foodnetwork.com/recipes/food-network-kitchen/beef-sliders-for-a-crowd-3363411,Beef Sliders for a Crowd
//www.foodnetwork.com/recipes/food-network-kitchen/perfect-beef-burgers-recipe-1973839,Perfect Beef Burgers
//www.foodnetwork.com/recipes/trisha-yearwood/creamed-beef-recipe-2133405,Creamed Beef
//www.foodnetwork.com/recipes/beef-empanadas-recipe-2118315,Beef Empanadas
//www.foodnetwork.com/recipes/beef-stroganoff-for-noodles-recipe-2121131,Beef Stroganoff for Noodles
//www.foodnetwork.com/recipes/ree-drummond/teriyaki-beef-stir-fry-3591685,Teriyaki Beef Stir-Fry
//www.foodnetwork.com/recipes/beef-wellington-recipe-1970808,Beef Wellington
//www.foodnetwork.com/recipes/claire-robinson/beef-stroganoff-recipe-1922923,Beef Stroganoff
//www.foodnetwork.com/recipes/ree-drummond/beef-with-snow-peas-recipe-3381538,Beef with Snow Peas
//www.foodnetwork.com/recipes/ree-drummond/thai-beef-with-peppers-2341713,Thai Beef with Peppers
//www.foodnetwork.com/recipes/ellie-krieger/beef-stroganoff-recipe-2118300,Beef Stroganoff
//www.foodnetwork.com/recipes/ree-drummond/asian-beef-skewers-3541006,Asian Beef Skewers
//www.foodnetwork.com/recipes/food-network-kitchen/chinese-beef-with-broccoli-recipe-1973676,Chinese Beef With Broccoli
//www.foodnetwork.com/recipes/food-network-kitchen/chinese-beef-with-broccoli-recipe-1973676,Chinese Beef With Broccoli
//www.foodnetwork.com/recipes/beef-brisket-rub-1-recipe-2115520,Beef Brisket Rub #1
//www.foodnetwork.com/recipes/paula-deen/waynes-beef-macaroni-and-cheese-recipe-1916766,Wayne's Beef Macaroni and Cheese
//www.foodnetwork.com/recipes/ree-drummond/hot-hawaiian-beef-sandwiches-3284694,Hot Hawaiian Beef Sandwiches
//www.foodnetwork.com/recipes/giada-de-laurentiis/beef-and-cannellini-bean-minestrone-recipe-1920305,Beef and Cannellini Bean Minestrone
//www.foodnetwork.com/recipes/food-network-kitchen/grilled-beef-tenderloin-recipe-1916680,Grilled Beef Tenderloin
//www.foodnetwork.com/recipes/bobby-flay/roast-beef-on-weck-recipe-1939888,Roast Beef on Weck
//www.foodnetwork.com/recipes/paula-deen/easy-corned-beef-and-cabbage-recipe-1941235,Easy Corned Beef and Cabbage
//www.foodnetwork.com/recipes/bobby-flay/roast-beef-on-weck-recipe-1939888,Roast Beef on Weck
//www.foodnetwork.com/recipes/food-network-kitchen/korean-beef-noodles-recipe-2108483,Korean Beef Noodles
//www.foodnetwork.com/recipes/chipped-beef-on-toast-2171343,Chipped Beef on Toast
//www.foodnetwork.com/recipes/robert-irvine/beef-pasties-recipe-1925057,Beef Pasties
//www.foodnetwork.com/recipes/food-network-kitchen/korean-beef-noodles-recipe-2108483,Korean Beef Noodles
//www.foodnetwork.com/recipes/food-network-kitchen/healthy-pressure-cooker-beef-stroganoff-recipe-2040823,Healthy Pressure Cooker Beef Stroganoff
//www.foodnetwork.com/recipes/food-network-kitchen/beef-and-bean-taco-casserole-3361863,Beef and Bean Taco Casserole
//www.foodnetwork.com/recipes/food-network-kitchen/corned-beef-hash-with-poached-eggs-recipe-2011591,Corned Beef Hash with Poached Eggs
//www.foodnetwork.com/recipes/food-network-kitchen/beef-stew-with-spinach-pitas-3894902,Beef Stew with Spinach Pitas
//www.foodnetwork.com/recipes/aarti-sequeira/kheema-indian-ground-beef-with-peas-recipe-1925367,Kheema: Indian Ground Beef with Peas
//www.foodnetwork.com/recipes/ina-garten/filet-of-beef-au-poivre-recipe-1945945,Filet of Beef au Poivre
//www.foodnetwork.com/recipes/ina-garten/fillet-of-beef-sandwiches-recipe-1941453,Fillet of Beef Sandwiches
//www.foodnetwork.com/recipes/skillet-pasta-and-beef-dinner-recipe-1970893,Skillet Pasta and Beef Dinner
